benchmark,n_train,n_test,weight,pca_dim,model,overall_rmse,cliff_rmse,noncliff_rmse,time_s
CHEMBL1862_Ki,633,161,v3,64,TabPFN-MLX,0.7601230045587877,0.789317930065896,0.738609846346042,2.8758420944213867
CHEMBL1862_Ki,633,161,v3,96,TabPFN-MLX,0.7314581876265872,0.7555241198599519,0.7138096985845068,3.276638984680176
CHEMBL1862_Ki,633,161,v3,128,TabPFN-MLX,0.7293686359981038,0.753000812659262,0.7120458326589707,4.175343036651611
CHEMBL1862_Ki,633,161,v3,160,TabPFN-MLX,0.729678006488217,0.7655191153663055,0.7030172053465947,4.922761917114258
CHEMBL1862_Ki,633,161,v3,192,TabPFN-MLX,0.7190318177071048,0.7558596904270982,0.6915861208295266,5.605367183685303
CHEMBL1862_Ki,633,161,v4,64,TabPFN-MLX,0.7501008442792475,0.781068208524483,0.7272238234040996,2.416640043258667
CHEMBL1862_Ki,633,161,v4,96,TabPFN-MLX,0.7198180680095632,0.7401430179314301,0.7049735882052505,3.2626030445098877
CHEMBL1862_Ki,633,161,v4,128,TabPFN-MLX,0.7077303638759364,0.7293795456536256,0.6918861964766266,4.108425855636597
CHEMBL1862_Ki,633,161,v4,160,TabPFN-MLX,0.7003942869295979,0.7400603479831367,0.6706912235721509,4.888347148895264
CHEMBL1862_Ki,633,161,v4,192,TabPFN-MLX,0.699043124002438,0.7284498415130185,0.6773040680662751,5.696131944656372
CHEMBL1862_Ki,633,161,v5,64,TabPFN-MLX,0.7635728230349582,0.7713031797452569,0.7580147306248934,2.413464069366455
CHEMBL1862_Ki,633,161,v5,96,TabPFN-MLX,0.736423354732298,0.7442317316147268,0.7308069354052377,3.2484371662139893
CHEMBL1862_Ki,633,161,v5,128,TabPFN-MLX,0.7133296503064036,0.7350187118250396,0.697458854849512,4.090314149856567
CHEMBL1862_Ki,633,161,v5,160,TabPFN-MLX,0.7060266386293576,0.7344232502771395,0.6850684254294944,4.844617128372192
CHEMBL1862_Ki,633,161,v5,192,TabPFN-MLX,0.7043730785001797,0.7254680881829975,0.688943063674218,5.678110122680664
CHEMBL1862_Ki,633,161,v6,64,TabPFN-MLX,0.7566985762445488,0.7879365119943017,0.7336217385377337,2.4779441356658936
CHEMBL1862_Ki,633,161,v6,96,TabPFN-MLX,0.7208718203227598,0.7364268350587333,0.7095766142300983,3.259320020675659
CHEMBL1862_Ki,633,161,v6,128,TabPFN-MLX,0.7015481220972509,0.7237981486405124,0.685248154986687,4.160392999649048
CHEMBL1862_Ki,633,161,v6,160,TabPFN-MLX,0.706532212645429,0.7418508870577614,0.6802398366677076,4.9083027839660645
CHEMBL1862_Ki,633,161,v6,192,TabPFN-MLX,0.7059105268224966,0.7306586849909038,0.6877275437155842,5.675409317016602
CHEMBL1871_Ki,525,134,v3,64,TabPFN-MLX,0.6428644070139199,0.8970968776152305,0.5389328399849574,2.0619089603424072
CHEMBL1871_Ki,525,134,v3,96,TabPFN-MLX,0.6227878522421995,0.8649613270355796,0.5242437444831216,2.793581962585449
CHEMBL1871_Ki,525,134,v3,128,TabPFN-MLX,0.6196539643062887,0.8629137871026646,0.5204096660443484,3.433238983154297
CHEMBL1871_Ki,525,134,v3,160,TabPFN-MLX,0.6096352974947086,0.8471281454526908,0.5129476743581257,4.131501913070679
CHEMBL1871_Ki,525,134,v3,192,TabPFN-MLX,0.6091563737376278,0.8409725676064308,0.515372127601748,4.628097057342529
CHEMBL1871_Ki,525,134,v4,64,TabPFN-MLX,0.6520516204028738,0.9006772526361984,0.5514146395893876,2.1023011207580566
CHEMBL1871_Ki,525,134,v4,96,TabPFN-MLX,0.6310281675357253,0.8882653952117168,0.5249635172838096,2.7659988403320312
CHEMBL1871_Ki,525,134,v4,128,TabPFN-MLX,0.6172529499745165,0.8751945279370507,0.5101255994763786,3.359143018722534
CHEMBL1871_Ki,525,134,v4,160,TabPFN-MLX,0.6225050959321065,0.8506842467719699,0.5310870369433337,4.100975751876831
CHEMBL1871_Ki,525,134,v4,192,TabPFN-MLX,0.6188517477205169,0.8252995712960471,0.5379988362732252,4.782968997955322
CHEMBL1871_Ki,525,134,v5,64,TabPFN-MLX,0.6458856397386975,0.8931728526937681,0.5456808676853476,2.1477208137512207
CHEMBL1871_Ki,525,134,v5,96,TabPFN-MLX,0.6325013372912236,0.8726165530226672,0.5354222938103359,2.897692918777466
CHEMBL1871_Ki,525,134,v5,128,TabPFN-MLX,0.6357148804784292,0.8739502945455612,0.5397223980724951,3.3852310180664062
CHEMBL1871_Ki,525,134,v5,160,TabPFN-MLX,0.6286850771365725,0.8662923024184866,0.5327327456031917,4.175396203994751
CHEMBL1871_Ki,525,134,v5,192,TabPFN-MLX,0.6238190938717468,0.8575454657598843,0.5296487799701811,4.897544860839844
CHEMBL1871_Ki,525,134,v6,64,TabPFN-MLX,0.6380322254227823,0.8957306263324656,0.5320580451928504,2.1229357719421387
CHEMBL1871_Ki,525,134,v6,96,TabPFN-MLX,0.6332422610313387,0.8924829611767979,0.5262203825728151,2.892645835876465
CHEMBL1871_Ki,525,134,v6,128,TabPFN-MLX,0.6246456810835131,0.8691583867347679,0.5249692510501076,3.503471851348877
CHEMBL1871_Ki,525,134,v6,160,TabPFN-MLX,0.6237712463934393,0.8573670945448919,0.5296653787950559,4.243898153305054
CHEMBL1871_Ki,525,134,v6,192,TabPFN-MLX,0.6186247400208885,0.851537056639051,0.5246628325743143,4.927770137786865
CHEMBL2034_Ki,598,152,v3,64,TabPFN-MLX,0.6801446495407686,0.8469916696172587,0.5745447751368109,2.401937961578369
CHEMBL2034_Ki,598,152,v3,96,TabPFN-MLX,0.6835714282069851,0.8617118620748522,0.5693203905969868,3.355649948120117
CHEMBL2034_Ki,598,152,v3,128,TabPFN-MLX,0.6707153070373281,0.8512902830902229,0.554025469864124,4.23197078704834
CHEMBL2034_Ki,598,152,v3,160,TabPFN-MLX,0.7007915134592688,0.8703065745290668,0.5938181085172127,5.041363954544067
CHEMBL2034_Ki,598,152,v3,192,TabPFN-MLX,0.682938441483533,0.8482830349588437,0.5785773801329284,5.847137212753296
CHEMBL2034_Ki,598,152,v4,64,TabPFN-MLX,0.6826699472538843,0.8581487750422454,0.5704735306492736,2.5085439682006836
CHEMBL2034_Ki,598,152,v4,96,TabPFN-MLX,0.6764626788356233,0.8399419327942593,0.5733178525828895,3.5322039127349854
CHEMBL2034_Ki,598,152,v4,128,TabPFN-MLX,0.6647495530275103,0.8463547378929362,0.5469838170372286,4.38822078704834
CHEMBL2034_Ki,598,152,v4,160,TabPFN-MLX,0.6909507069733777,0.868378208383454,0.5775340384818575,5.2596518993377686
CHEMBL2034_Ki,598,152,v4,192,TabPFN-MLX,0.686111804305004,0.8428909025404832,0.5883003150717984,6.247023105621338
CHEMBL2034_Ki,598,152,v5,64,TabPFN-MLX,0.670647120150955,0.8391068885470458,0.5634842315099056,2.775897741317749
CHEMBL2034_Ki,598,152,v5,96,TabPFN-MLX,0.6686141482185928,0.8304359293182326,0.5664836962139086,3.810966730117798
CHEMBL2034_Ki,598,152,v5,128,TabPFN-MLX,0.6717397642431199,0.8479219011587271,0.5585793980175225,4.605402708053589
CHEMBL2034_Ki,598,152,v5,160,TabPFN-MLX,0.6951613315457424,0.8571353511822254,0.593721113004188,5.6018078327178955
CHEMBL2034_Ki,598,152,v5,192,TabPFN-MLX,0.6878003201409338,0.8430200174066035,0.5911939968256661,6.510324001312256
CHEMBL2034_Ki,598,152,v6,64,TabPFN-MLX,0.6689776113467362,0.8548947503186969,0.5479121591167431,2.8884201049804688
CHEMBL2034_Ki,598,152,v6,96,TabPFN-MLX,0.6833359804528609,0.8495328320630056,0.5783371922568531,3.9449119567871094
CHEMBL2034_Ki,598,152,v6,128,TabPFN-MLX,0.6852769456121371,0.8647238988628962,0.5700615369890877,4.849084854125977
CHEMBL2034_Ki,598,152,v6,160,TabPFN-MLX,0.6946992419954082,0.859136860537349,0.5913901363379754,5.813744783401489
CHEMBL2034_Ki,598,152,v6,192,TabPFN-MLX,0.6954747985700233,0.8785470186003715,0.5777907823078249,6.860990047454834
CHEMBL2047_EC50,503,128,v3,64,TabPFN-MLX,0.6407514772937666,0.6834348875465924,0.6118261484160513,2.384397029876709
CHEMBL2047_EC50,503,128,v3,96,TabPFN-MLX,0.6310057337435431,0.6857342803507892,0.5932738503051667,3.441329002380371
CHEMBL2047_EC50,503,128,v3,128,TabPFN-MLX,0.6281605914456309,0.66037717203725,0.606609672351172,4.184727907180786
CHEMBL2047_EC50,503,128,v3,160,TabPFN-MLX,0.6182973998117351,0.6605111020517437,0.5896499517521806,4.966859817504883
CHEMBL2047_EC50,503,128,v3,192,TabPFN-MLX,0.6173241862308726,0.6631888533040868,0.5860388096010729,5.755859136581421
CHEMBL2047_EC50,503,128,v4,64,TabPFN-MLX,0.6511194538693869,0.6854420117114703,0.6281321719694862,2.503793716430664
CHEMBL2047_EC50,503,128,v4,96,TabPFN-MLX,0.6294738861557728,0.6639733647381694,0.6063272112414446,3.3907558917999268
CHEMBL2047_EC50,503,128,v4,128,TabPFN-MLX,0.6142095841000679,0.6320773198674248,0.602477282258057,4.331897258758545
CHEMBL2047_EC50,503,128,v4,160,TabPFN-MLX,0.6042311787418281,0.6259032398433182,0.5899201905695445,5.020614862442017
CHEMBL2047_EC50,503,128,v4,192,TabPFN-MLX,0.6080990662489655,0.6430083576670749,0.5846259633909276,5.759426116943359
CHEMBL2047_EC50,503,128,v5,64,TabPFN-MLX,0.638964198230369,0.6772789428049263,0.6131454365986406,2.4495151042938232
CHEMBL2047_EC50,503,128,v5,96,TabPFN-MLX,0.6205466397883058,0.6575950961003799,0.5955867466045716,3.3888938426971436
CHEMBL2047_EC50,503,128,v5,128,TabPFN-MLX,0.5999795721470771,0.6129198406542714,0.591535655368263,4.1433210372924805
CHEMBL2047_EC50,503,128,v5,160,TabPFN-MLX,0.6171326190353762,0.6294257346409616,0.6091219547821084,4.917889833450317
CHEMBL2047_EC50,503,128,v5,192,TabPFN-MLX,0.6092956931519348,0.65415900756418,0.5787107232692398,5.683531999588013
CHEMBL2047_EC50,503,128,v6,64,TabPFN-MLX,0.6514417385463735,0.6811726009952611,0.6316478514154737,2.443079948425293
CHEMBL2047_EC50,503,128,v6,96,TabPFN-MLX,0.62921893005899,0.6626992088088652,0.6067863156767864,3.3872950077056885
CHEMBL2047_EC50,503,128,v6,128,TabPFN-MLX,0.6138524839295215,0.6331546470727611,0.6011533956184804,4.087234020233154
CHEMBL2047_EC50,503,128,v6,160,TabPFN-MLX,0.5999021033054164,0.6270918648056001,0.5818048587321465,5.397349834442139
CHEMBL2047_EC50,503,128,v6,192,TabPFN-MLX,0.6299451220543575,0.6612651247411271,0.609021597869191,5.741142988204956
CHEMBL204_Ki,2201,553,v3,64,TabPFN-MLX,0.7209573519602179,0.8903490944194146,0.5826298240751631,15.015169143676758
CHEMBL204_Ki,2201,553,v3,96,TabPFN-MLX,0.713598782743177,0.8809738930569709,0.5769733867044694,20.932290077209473
CHEMBL204_Ki,2201,553,v3,128,TabPFN-MLX,0.7096379317959418,0.8829716564286568,0.5667527552968052,26.349976062774658
CHEMBL204_Ki,2201,553,v3,160,TabPFN-MLX,0.7142152785586339,0.8916512649905356,0.5673233500064354,30.74961280822754
CHEMBL204_Ki,2201,553,v3,192,TabPFN-MLX,0.7184415238223363,0.8932973355601037,0.5744296873705036,37.309789180755615
CHEMBL204_Ki,2201,553,v4,64,TabPFN-MLX,0.7178611649859441,0.8869236444704572,0.579725395876444,14.157697916030884
CHEMBL204_Ki,2201,553,v4,96,TabPFN-MLX,0.7229824670166805,0.8918245836749666,0.5853001243232062,19.212152242660522
CHEMBL204_Ki,2201,553,v4,128,TabPFN-MLX,0.7156295626299137,0.8922657493041446,0.5696401421328059,25.226550102233887
CHEMBL204_Ki,2201,553,v4,160,TabPFN-MLX,0.7090102682298207,0.8912459099717209,0.5568044321064652,30.3381450176239
CHEMBL204_Ki,2201,553,v4,192,TabPFN-MLX,0.7140136651967363,0.8849327485346082,0.5738146131780114,37.16948413848877
CHEMBL204_Ki,2201,553,v5,64,TabPFN-MLX,0.7292663142825239,0.901981000110193,0.58795801834665,13.729013919830322
CHEMBL204_Ki,2201,553,v5,96,TabPFN-MLX,0.7152715768102923,0.8937731199675348,0.5673275262419267,19.581418991088867
CHEMBL204_Ki,2201,553,v5,128,TabPFN-MLX,0.7144809490143993,0.8975867514270879,0.5616670375147349,25.96898102760315
CHEMBL204_Ki,2201,553,v5,160,TabPFN-MLX,0.718674282563833,0.9032810182015175,0.5645132593771955,31.808852195739746
CHEMBL204_Ki,2201,553,v5,192,TabPFN-MLX,0.7227750113562419,0.8991916311037494,0.5773742543835315,38.43096590042114
CHEMBL204_Ki,2201,553,v6,64,TabPFN-MLX,0.7246488164567926,0.9041044553692714,0.5762049261408888,14.19486117362976
CHEMBL204_Ki,2201,553,v6,96,TabPFN-MLX,0.720473999983837,0.9016223352102789,0.5700476044301286,20.63143825531006
CHEMBL204_Ki,2201,553,v6,128,TabPFN-MLX,0.7146198776806194,0.8967048855853192,0.5628899441251005,26.479794025421143
CHEMBL204_Ki,2201,553,v6,160,TabPFN-MLX,0.7153245320106052,0.8952068459582266,0.565943219573568,31.70557689666748
CHEMBL204_Ki,2201,553,v6,192,TabPFN-MLX,0.7144753178924181,0.8799291465151969,0.5798211090264579,37.582744121551514
CHEMBL2147_Ki,1162,294,v3,64,TabPFN-MLX,0.5397321991558152,0.581827780982371,0.510434088766452,5.964972972869873
CHEMBL2147_Ki,1162,294,v3,96,TabPFN-MLX,0.5308599161870919,0.5765845938070256,0.4988111279488695,8.554802894592285
CHEMBL2147_Ki,1162,294,v3,128,TabPFN-MLX,0.5425273006355448,0.5808234516007403,0.5160429445553008,10.927849054336548
CHEMBL2147_Ki,1162,294,v3,160,TabPFN-MLX,0.5396453912561336,0.5744159645274767,0.5157258195279839,13.54787802696228
CHEMBL2147_Ki,1162,294,v3,192,TabPFN-MLX,0.5354192602587073,0.5787984945936075,0.5051486940346829,16.325140953063965
CHEMBL2147_Ki,1162,294,v4,64,TabPFN-MLX,0.5373650237206903,0.5852323485168643,0.5037284359919219,6.193674802780151
CHEMBL2147_Ki,1162,294,v4,96,TabPFN-MLX,0.5311393061484512,0.5803050615186234,0.49648523278091006,8.713635206222534
CHEMBL2147_Ki,1162,294,v4,128,TabPFN-MLX,0.5420161611392756,0.5823023631888273,0.5140659575650428,11.272045135498047
CHEMBL2147_Ki,1162,294,v4,160,TabPFN-MLX,0.5325556026675112,0.5882888155142959,0.49285478619738676,13.424493074417114
CHEMBL2147_Ki,1162,294,v4,192,TabPFN-MLX,0.5420022774521814,0.6017520903030814,0.4992302094817316,16.10472297668457
CHEMBL2147_Ki,1162,294,v5,64,TabPFN-MLX,0.5424166829870146,0.6076620185325174,0.4952930536875164,5.912766933441162
CHEMBL2147_Ki,1162,294,v5,96,TabPFN-MLX,0.5339998992248326,0.5985610196996577,0.487344896878394,8.662242889404297
CHEMBL2147_Ki,1162,294,v5,128,TabPFN-MLX,0.5349281548897079,0.5954695697139162,0.4914768325986109,11.224409818649292
CHEMBL2147_Ki,1162,294,v5,160,TabPFN-MLX,0.5342528242572969,0.594647507197275,0.4909118439486,13.531100988388062
CHEMBL2147_Ki,1162,294,v5,192,TabPFN-MLX,0.5325158409216042,0.6061860542394182,0.4784394184076579,16.579111099243164
CHEMBL2147_Ki,1162,294,v6,64,TabPFN-MLX,0.5370416217032157,0.5967396208136578,0.4942718602991506,6.051605939865112
CHEMBL2147_Ki,1162,294,v6,96,TabPFN-MLX,0.5269638388458661,0.5764028054080411,0.4920791930665929,8.323909044265747
CHEMBL2147_Ki,1162,294,v6,128,TabPFN-MLX,0.5327238786667237,0.5758219545383796,0.5026526715948995,11.175477027893066
CHEMBL2147_Ki,1162,294,v6,160,TabPFN-MLX,0.5335144140375303,0.585456574483672,0.4967499845607469,13.408310651779175
CHEMBL2147_Ki,1162,294,v6,192,TabPFN-MLX,0.5290697180429665,0.5820830917312386,0.49145354693762183,16.285902976989746
CHEMBL214_Ki,2651,666,v3,64,TabPFN-MLX,0.6656494700272475,0.8098296887698547,0.5650563168520203,18.181524991989136
CHEMBL214_Ki,2651,666,v3,96,TabPFN-MLX,0.6481293325178226,0.7971591069015039,0.5428861102329412,26.824202060699463
CHEMBL214_Ki,2651,666,v3,128,TabPFN-MLX,0.6381040609662444,0.7923481584568112,0.5279930073950582,33.94960284233093
CHEMBL214_Ki,2651,666,v3,160,TabPFN-MLX,0.6360746531008147,0.7848600521593164,0.5306212406901447,42.49742388725281
CHEMBL214_Ki,2651,666,v3,192,TabPFN-MLX,0.6373722023117929,0.7821750885866123,0.5353703035945321,51.37778997421265
CHEMBL214_Ki,2651,666,v4,64,TabPFN-MLX,0.6657465282053138,0.812984322203198,0.562595571240278,20.446073055267334
CHEMBL214_Ki,2651,666,v4,96,TabPFN-MLX,0.6530769932821937,0.8065903026780117,0.5441576887249843,921.7299902439117
CHEMBL214_Ki,2651,666,v4,128,TabPFN-MLX,0.6454308445183686,0.8003219031362812,0.5350355583032161,926.0513432025909
CHEMBL214_Ki,2651,666,v4,160,TabPFN-MLX,0.6440620795502602,0.7957064718888636,0.5364304569248256,30.82422685623169
CHEMBL214_Ki,2651,666,v4,192,TabPFN-MLX,0.6483985705352266,0.7975883283101652,0.5430278334272224,937.423416852951
CHEMBL214_Ki,2651,666,v5,64,TabPFN-MLX,0.6649490048997764,0.8048708808605127,0.5678678399318324,13.93230414390564
CHEMBL214_Ki,2651,666,v5,96,TabPFN-MLX,0.6460419261586999,0.7913310987785925,0.5439111229717433,728.267648935318
CHEMBL214_Ki,2651,666,v5,128,TabPFN-MLX,0.6408185201362302,0.78799449290854,0.5369100027253497,26.876838207244873
CHEMBL214_Ki,2651,666,v5,160,TabPFN-MLX,0.6350179786840315,0.7802337521808095,0.5325858487070956,34.46191692352295
CHEMBL214_Ki,2651,666,v5,192,TabPFN-MLX,0.6376960836175108,0.7804947063112568,0.5374037057539414,39.82370471954346
CHEMBL214_Ki,2651,666,v6,64,TabPFN-MLX,0.6668169676709426,0.8071394664075887,0.569456843367814,14.49140214920044
CHEMBL214_Ki,2651,666,v6,96,TabPFN-MLX,0.6481199980922582,0.793494327548928,0.5459840055767448,20.657708883285522
CHEMBL214_Ki,2651,666,v6,128,TabPFN-MLX,0.6396620188428757,0.783288318443099,0.538732842528413,28.186203241348267
CHEMBL214_Ki,2651,666,v6,160,TabPFN-MLX,0.6418637185744327,0.7815746395811011,0.5442951111801214,33.20755195617676
CHEMBL214_Ki,2651,666,v6,192,TabPFN-MLX,0.6441361574627612,0.7873327350091989,0.5437121619290172,41.73652720451355
CHEMBL218_EC50,823,208,v3,64,TabPFN-MLX,0.6830642611417808,0.7288640802252687,0.6552440790231254,3.483513832092285
CHEMBL218_EC50,823,208,v3,96,TabPFN-MLX,0.6990374537872294,0.7424464526920789,0.6727749762943586,4.91368293762207
CHEMBL218_EC50,823,208,v3,128,TabPFN-MLX,0.7084275678519786,0.7371950990189006,0.6913216749285481,6.479805946350098
CHEMBL218_EC50,823,208,v3,160,TabPFN-MLX,0.7095493976126224,0.7362159623339765,0.6937311169915492,8.056006908416748
CHEMBL218_EC50,823,208,v3,192,TabPFN-MLX,0.7172936736991105,0.7363769353175144,0.7060724364354204,9.215219974517822
CHEMBL218_EC50,823,208,v4,64,TabPFN-MLX,0.6895760056566369,0.7232365932758176,0.6694283627807227,3.7963449954986572
CHEMBL218_EC50,823,208,v4,96,TabPFN-MLX,0.709510502918296,0.7437591375863524,0.6890197775262527,5.051830053329468
CHEMBL218_EC50,823,208,v4,128,TabPFN-MLX,0.7136727836782666,0.7490738475005297,0.6924698832742048,6.605466842651367
CHEMBL218_EC50,823,208,v4,160,TabPFN-MLX,0.7152383684414559,0.7451470245346972,0.6974366563316211,8.05975866317749
CHEMBL218_EC50,823,208,v4,192,TabPFN-MLX,0.7191910841529218,0.7455849635334242,0.7035455505682597,9.528604984283447
CHEMBL218_EC50,823,208,v5,64,TabPFN-MLX,0.699270683363189,0.7274440626550915,0.6825222882624353,3.7598202228546143
CHEMBL218_EC50,823,208,v5,96,TabPFN-MLX,0.7075162457060101,0.7465089770963488,0.6840583312498782,5.344133138656616
CHEMBL218_EC50,823,208,v5,128,TabPFN-MLX,0.71866934779905,0.749930497763818,0.7000375780168929,6.817862033843994
CHEMBL218_EC50,823,208,v5,160,TabPFN-MLX,0.7092285576457604,0.7326193988210387,0.6954043252724859,8.283720016479492
CHEMBL218_EC50,823,208,v5,192,TabPFN-MLX,0.7153888146057917,0.7402772513581154,0.7006581371614241,9.79758596420288
CHEMBL218_EC50,823,208,v6,64,TabPFN-MLX,0.6981729539812893,0.7333425203383686,0.6770956013864101,3.936305284500122
CHEMBL218_EC50,823,208,v6,96,TabPFN-MLX,0.7096834545616506,0.7535463175596256,0.6831527377305688,5.5984649658203125
CHEMBL218_EC50,823,208,v6,128,TabPFN-MLX,0.7169185607898733,0.7582390754584355,0.6920095925506919,6.816636800765991
CHEMBL218_EC50,823,208,v6,160,TabPFN-MLX,0.7099462452539682,0.7365133523060886,0.694188978306783,8.294067144393921
CHEMBL218_EC50,823,208,v6,192,TabPFN-MLX,0.705569405202861,0.7239676458917026,0.6947554596517921,9.99412202835083
CHEMBL219_Ki,1491,374,v3,64,TabPFN-MLX,0.6945798850436353,0.754490719684434,0.652371799985219,8.148932695388794
CHEMBL219_Ki,1491,374,v3,96,TabPFN-MLX,0.6870134105539537,0.7455865224293446,0.6457834506510766,11.682800769805908
CHEMBL219_Ki,1491,374,v3,128,TabPFN-MLX,0.6899131342554815,0.7464553595812033,0.6502267442040306,15.08051609992981
CHEMBL219_Ki,1491,374,v3,160,TabPFN-MLX,0.6767300466591196,0.7282272872787784,0.6407675235657561,17.53771185874939
CHEMBL219_Ki,1491,374,v3,192,TabPFN-MLX,0.6706242785489911,0.7257608482688028,0.6319157404080578,22.48657512664795
CHEMBL219_Ki,1491,374,v4,64,TabPFN-MLX,0.7025153590115053,0.7640849993616824,0.6590862066600427,9.226556777954102
CHEMBL219_Ki,1491,374,v4,96,TabPFN-MLX,0.6770807901970469,0.7337416494696917,0.6372513678900074,12.628723859786987
CHEMBL219_Ki,1491,374,v4,128,TabPFN-MLX,0.6720536016788471,0.7237452781272854,0.6359296952877017,15.958908081054688
CHEMBL219_Ki,1491,374,v4,160,TabPFN-MLX,0.6717607711564463,0.7274826949640575,0.6326164130182287,19.82828116416931
CHEMBL219_Ki,1491,374,v4,192,TabPFN-MLX,0.6686414487922502,0.726132542538653,0.6281476154336484,22.2315092086792
CHEMBL219_Ki,1491,374,v5,64,TabPFN-MLX,0.6902809036712005,0.74512526681502,0.651869595835331,7.8022308349609375
CHEMBL219_Ki,1491,374,v5,96,TabPFN-MLX,0.6793270470717057,0.7282336714695314,0.6452943388297611,11.054459810256958
CHEMBL219_Ki,1491,374,v5,128,TabPFN-MLX,0.6662774116860363,0.7260197488841511,0.6240626936192564,14.807828903198242
CHEMBL219_Ki,1491,374,v5,160,TabPFN-MLX,0.6695871656965321,0.7239149112623778,0.6314820797779526,18.79335308074951
CHEMBL219_Ki,1491,374,v5,192,TabPFN-MLX,0.6685618394340425,0.7177753474411238,0.6342677819733112,23.195265769958496
CHEMBL219_Ki,1491,374,v6,64,TabPFN-MLX,0.6992422345016309,0.7529361393079402,0.6617232465534945,7.690216302871704
CHEMBL219_Ki,1491,374,v6,96,TabPFN-MLX,0.6797148381139457,0.723914828925839,0.6491409760126553,11.82791805267334
CHEMBL219_Ki,1491,374,v6,128,TabPFN-MLX,0.6719932230355071,0.719270144790736,0.6391409921359462,15.398639678955078
CHEMBL219_Ki,1491,374,v6,160,TabPFN-MLX,0.6719477414519909,0.7231294062421675,0.6362033466404587,18.775590896606445
CHEMBL219_Ki,1491,374,v6,192,TabPFN-MLX,0.6698475343256075,0.7142557529568936,0.6390961570550789,21.486839771270752
CHEMBL228_Ki,1362,342,v3,64,TabPFN-MLX,0.6595567769070065,0.7418931477744563,0.6056850416184556,6.901341915130615
CHEMBL228_Ki,1362,342,v3,96,TabPFN-MLX,0.6371803482724449,0.7296717166214701,0.5756053919978354,10.583240032196045
CHEMBL228_Ki,1362,342,v3,128,TabPFN-MLX,0.6311469116638243,0.7181929627372516,0.5735557777182944,13.400568008422852
CHEMBL228_Ki,1362,342,v3,160,TabPFN-MLX,0.6286052670752439,0.7159891592941939,0.570736322605838,16.02326989173889
CHEMBL228_Ki,1362,342,v3,192,TabPFN-MLX,0.6194217657300787,0.7028724428754841,0.5643597957975259,19.338746070861816
CHEMBL228_Ki,1362,342,v4,64,TabPFN-MLX,0.649051788932275,0.7411108539947199,0.5879391114780664,6.8532023429870605
CHEMBL228_Ki,1362,342,v4,96,TabPFN-MLX,0.6244561213127114,0.7144751093314924,0.5645787716314093,9.980232000350952
CHEMBL228_Ki,1362,342,v4,128,TabPFN-MLX,0.6281237502583839,0.7245468976418826,0.5634674124412788,13.006477117538452
CHEMBL228_Ki,1362,342,v4,160,TabPFN-MLX,0.621936082955081,0.7262599274027388,0.5511111630878543,16.104578971862793
CHEMBL228_Ki,1362,342,v4,192,TabPFN-MLX,0.62714974715988,0.7142923031230578,0.5694437857238971,20.176528930664062
CHEMBL228_Ki,1362,342,v5,64,TabPFN-MLX,0.652423830884766,0.7482122333119984,0.5885627427730037,7.156290769577026
CHEMBL228_Ki,1362,342,v5,96,TabPFN-MLX,0.630487550930211,0.7167378331120694,0.5734774157276956,10.12177586555481
CHEMBL228_Ki,1362,342,v5,128,TabPFN-MLX,0.6318203247594075,0.7106766274519358,0.5802267635529864,13.016926288604736
CHEMBL228_Ki,1362,342,v5,160,TabPFN-MLX,0.6199434051909293,0.7016324838850488,0.5661793747704307,16.197570085525513
CHEMBL228_Ki,1362,342,v5,192,TabPFN-MLX,0.6151206986296878,0.6983868642454365,0.5601504050233183,18.69760012626648
CHEMBL228_Ki,1362,342,v6,64,TabPFN-MLX,0.6531729539122645,0.7500012318283138,0.588539348586477,6.861749887466431
CHEMBL228_Ki,1362,342,v6,96,TabPFN-MLX,0.6359284768179083,0.7195393333022434,0.580913237977716,9.78208589553833
CHEMBL228_Ki,1362,342,v6,128,TabPFN-MLX,0.6271817750009003,0.7032252770019992,0.5775783893094928,12.64599895477295
CHEMBL228_Ki,1362,342,v6,160,TabPFN-MLX,0.6262076155278344,0.7114377619690837,0.5699051748002997,15.565293073654175
CHEMBL228_Ki,1362,342,v6,192,TabPFN-MLX,0.6240471251861713,0.7021186196225939,0.5729541217235913,18.763074159622192
CHEMBL231_Ki,776,197,v3,64,TabPFN-MLX,0.6784292171540205,0.8441751609844343,0.6156031396537912,3.6379261016845703
CHEMBL231_Ki,776,197,v3,96,TabPFN-MLX,0.6595311111128317,0.8673928163806656,0.5768319696845456,5.0648839473724365
CHEMBL231_Ki,776,197,v3,128,TabPFN-MLX,0.6440870661818823,0.856830471170074,0.5585544278903024,6.474258899688721
CHEMBL231_Ki,776,197,v3,160,TabPFN-MLX,0.6607440385784096,0.8469797062632657,0.5883249851702568,7.7098469734191895
CHEMBL231_Ki,776,197,v3,192,TabPFN-MLX,0.6389990385672153,0.8523836638758114,0.5529919081659831,9.029086828231812
CHEMBL231_Ki,776,197,v4,64,TabPFN-MLX,0.6846945482567658,0.8581041476056214,0.6185632414206781,3.546226739883423
CHEMBL231_Ki,776,197,v4,96,TabPFN-MLX,0.6722987635068177,0.8700722491201319,0.5947415955997184,4.943653106689453
CHEMBL231_Ki,776,197,v4,128,TabPFN-MLX,0.6655110436260486,0.8672981878898811,0.5858876016350963,6.423273324966431
CHEMBL231_Ki,776,197,v4,160,TabPFN-MLX,0.6634162900160371,0.8737840036807428,0.5796084316650645,7.652935981750488
CHEMBL231_Ki,776,197,v4,192,TabPFN-MLX,0.6588178757836434,0.8778212228886872,0.5706390334426997,8.9723219871521
CHEMBL231_Ki,776,197,v5,64,TabPFN-MLX,0.6750623153249741,0.8681339563356775,0.5997716578460545,3.5727269649505615
CHEMBL231_Ki,776,197,v5,96,TabPFN-MLX,0.6608080157697246,0.8756594557044733,0.5747367442835414,4.9165098667144775
CHEMBL231_Ki,776,197,v5,128,TabPFN-MLX,0.6636281781015408,0.8685400784676911,0.5824612302934833,6.369751930236816
CHEMBL231_Ki,776,197,v5,160,TabPFN-MLX,0.6582162329390153,0.8625982698489978,0.5771623019184583,7.663412809371948
CHEMBL231_Ki,776,197,v5,192,TabPFN-MLX,0.6532022229770016,0.889153050536201,0.5562707843540717,8.901057004928589
CHEMBL231_Ki,776,197,v6,64,TabPFN-MLX,0.6656143456264515,0.872631955811816,0.5834864914874132,3.53180193901062
CHEMBL231_Ki,776,197,v6,96,TabPFN-MLX,0.6539633057198566,0.8591431391652247,0.5724109816578742,4.980984210968018
CHEMBL231_Ki,776,197,v6,128,TabPFN-MLX,0.6450013729199132,0.8571668171655962,0.5597818184617963,6.320634841918945
CHEMBL231_Ki,776,197,v6,160,TabPFN-MLX,0.6454680137657781,0.8740553866040017,0.5520262478759173,7.646389007568359
CHEMBL231_Ki,776,197,v6,192,TabPFN-MLX,0.6513480622602205,0.9001444978746388,0.5476343332821871,8.89046311378479
CHEMBL233_Ki,2512,630,v3,64,TabPFN-MLX,0.7561345351165512,0.8551183531644617,0.6785269947669637,15.829766273498535
CHEMBL233_Ki,2512,630,v3,96,TabPFN-MLX,0.7458873683031191,0.8381034740781542,0.6740734372513926,23.001332998275757
CHEMBL233_Ki,2512,630,v3,128,TabPFN-MLX,0.7401958042855592,0.8266513596419891,0.6732915760026609,29.50514817237854
CHEMBL233_Ki,2512,630,v3,160,TabPFN-MLX,0.7462366576415748,0.8315825349328806,0.6803389310455424,36.15719294548035
CHEMBL233_Ki,2512,630,v3,192,TabPFN-MLX,0.7460991025403143,0.8330675933244882,0.6788126478209957,43.00457000732422
CHEMBL233_Ki,2512,630,v4,64,TabPFN-MLX,0.7536289317765129,0.8471090422702394,0.6808031068751159,16.219526052474976
CHEMBL233_Ki,2512,630,v4,96,TabPFN-MLX,0.7495149792528837,0.8367626716490846,0.6820223813174014,22.93673825263977
CHEMBL233_Ki,2512,630,v4,128,TabPFN-MLX,0.7425362018789179,0.8266558300610366,0.6776497867795837,29.68156099319458
CHEMBL233_Ki,2512,630,v4,160,TabPFN-MLX,0.7419756938469781,0.8226685612727297,0.6799905693227698,36.47231101989746
CHEMBL233_Ki,2512,630,v4,192,TabPFN-MLX,0.7275076020882472,0.8100929551887535,0.6637911073703368,42.86764597892761
CHEMBL233_Ki,2512,630,v5,64,TabPFN-MLX,0.7551577364754801,0.8512971797197807,0.6800323356976311,15.912636995315552
CHEMBL233_Ki,2512,630,v5,96,TabPFN-MLX,0.7468398592674503,0.8320224385399397,0.6810869958082786,22.605244159698486
CHEMBL233_Ki,2512,630,v5,128,TabPFN-MLX,0.7518679880273452,0.8303077290447796,0.6918567762929778,29.287727117538452
CHEMBL233_Ki,2512,630,v5,160,TabPFN-MLX,0.7459234472708208,0.8319672036034258,0.6794267132193825,35.94926309585571
CHEMBL233_Ki,2512,630,v5,192,TabPFN-MLX,0.7343904209546953,0.822974363952111,0.6655969282508083,43.054980993270874
CHEMBL233_Ki,2512,630,v6,64,TabPFN-MLX,0.7596107854676052,0.8473262935741668,0.6918144314313611,16.246196031570435
CHEMBL233_Ki,2512,630,v6,96,TabPFN-MLX,0.7547526771722843,0.8345336891742908,0.6936385761169115,22.988860845565796
CHEMBL233_Ki,2512,630,v6,128,TabPFN-MLX,0.7466667730964289,0.8174069491050657,0.6930152791432024,30.178830862045288
CHEMBL233_Ki,2512,630,v6,160,TabPFN-MLX,0.7415725569720257,0.8197426406050693,0.6817084117510323,35.890979051589966
CHEMBL233_Ki,2512,630,v6,192,TabPFN-MLX,0.7356832498387623,0.8126442854487728,0.6767880211455438,42.37210178375244
CHEMBL234_Ki,2924,733,v3,64,TabPFN-MLX,0.6593654794593242,0.6766782991892404,0.6456320177123369,20.01618480682373
CHEMBL234_Ki,2924,733,v3,96,TabPFN-MLX,0.6494107812784236,0.6693600447949303,0.633521918612375,28.47942018508911
CHEMBL234_Ki,2924,733,v3,128,TabPFN-MLX,0.6355102631680339,0.6529235090989839,0.6216828533431162,36.800662994384766
CHEMBL234_Ki,2924,733,v3,160,TabPFN-MLX,0.639314427419784,0.6620291377149335,0.6211436749432061,45.21233677864075
CHEMBL234_Ki,2924,733,v3,192,TabPFN-MLX,0.6282680661692613,0.6465617015496289,0.613719054993896,54.142483949661255
CHEMBL234_Ki,2924,733,v4,64,TabPFN-MLX,0.6626602177050285,0.6817014169773676,0.6475218317040876,20.05203938484192
CHEMBL234_Ki,2924,733,v4,96,TabPFN-MLX,0.6518660983815561,0.6696076170413456,0.6377803868419648,28.74072003364563
CHEMBL234_Ki,2924,733,v4,128,TabPFN-MLX,0.6435625831223851,0.659348575008302,0.6310597860212395,37.39760208129883
CHEMBL234_Ki,2924,733,v4,160,TabPFN-MLX,0.6441912823728221,0.6621688545990073,0.6299092605124484,45.852240324020386
CHEMBL234_Ki,2924,733,v4,192,TabPFN-MLX,0.636203299796437,0.6454350925406938,0.6289572132383239,54.978062868118286
CHEMBL234_Ki,2924,733,v5,64,TabPFN-MLX,0.6621143937272344,0.6759234813448084,0.6512135291549956,20.21502113342285
CHEMBL234_Ki,2924,733,v5,96,TabPFN-MLX,0.6434015256765797,0.6618695795415397,0.6287192546463812,28.93841814994812
CHEMBL234_Ki,2924,733,v5,128,TabPFN-MLX,0.6414201500300669,0.6605885912661608,0.6261647576815833,37.30160403251648
CHEMBL234_Ki,2924,733,v5,160,TabPFN-MLX,0.6409885723907499,0.6589852053236238,0.626689154174119,45.626474142074585
CHEMBL234_Ki,2924,733,v5,192,TabPFN-MLX,0.6366766933289075,0.6515614507287082,0.6248999754021307,54.7618932723999
CHEMBL234_Ki,2924,733,v6,64,TabPFN-MLX,0.6578211595776259,0.6788129331943684,0.6410839018877666,20.220633029937744
CHEMBL234_Ki,2924,733,v6,96,TabPFN-MLX,0.6473785854342695,0.6755234331263796,0.6247001882526865,28.70555591583252
CHEMBL234_Ki,2924,733,v6,128,TabPFN-MLX,0.6440108770627727,0.67043978409615,0.6227624895887041,37.71366596221924
CHEMBL234_Ki,2924,733,v6,160,TabPFN-MLX,0.6390858279869398,0.667029249912533,0.6165645690976056,45.02242374420166
CHEMBL234_Ki,2924,733,v6,192,TabPFN-MLX,0.6426803368437536,0.6612813717876377,0.6278891305595974,53.79071593284607
CHEMBL235_EC50,1877,472,v3,64,TabPFN-MLX,0.6370236187632874,0.7730214705107126,0.5382356798789231,10.782217979431152
CHEMBL235_EC50,1877,472,v3,96,TabPFN-MLX,0.6279789977935323,0.7663802878428077,0.526800455044164,15.273935794830322
CHEMBL235_EC50,1877,472,v3,128,TabPFN-MLX,0.6374268835810504,0.7753347765894627,0.5369861808291618,19.762017011642456
CHEMBL235_EC50,1877,472,v3,160,TabPFN-MLX,0.6331000675439987,0.7695790000081671,0.5337717008087723,24.186913013458252
CHEMBL235_EC50,1877,472,v3,192,TabPFN-MLX,0.6309981769181771,0.7686401862509873,0.5305853781493224,28.85659694671631
CHEMBL235_EC50,1877,472,v4,64,TabPFN-MLX,0.6403030423852436,0.7703647263098895,0.5467222272833752,10.574983835220337
CHEMBL235_EC50,1877,472,v4,96,TabPFN-MLX,0.6314614319565363,0.7682273390581191,0.5318307227006175,14.985625982284546
CHEMBL235_EC50,1877,472,v4,128,TabPFN-MLX,0.6382144608216439,0.7792917122347196,0.5350165358777647,19.570677995681763
CHEMBL235_EC50,1877,472,v4,160,TabPFN-MLX,0.6373253723397827,0.7700228597294502,0.5414022448282872,23.85148596763611
CHEMBL235_EC50,1877,472,v4,192,TabPFN-MLX,0.6375006806613056,0.7751067672526599,0.5373260338500834,28.56002926826477
CHEMBL235_EC50,1877,472,v5,64,TabPFN-MLX,0.6430070830884972,0.7781306745329926,0.5451563942346794,10.605080842971802
CHEMBL235_EC50,1877,472,v5,96,TabPFN-MLX,0.6309724830349619,0.7742220434894433,0.5255993566710165,14.973677158355713
CHEMBL235_EC50,1877,472,v5,128,TabPFN-MLX,0.6368970796765198,0.7831151441972278,0.5290832088268231,19.4741530418396
CHEMBL235_EC50,1877,472,v5,160,TabPFN-MLX,0.6416989605278595,0.7818073573381342,0.5394673416728321,23.521419048309326
CHEMBL235_EC50,1877,472,v5,192,TabPFN-MLX,0.6405124100161086,0.787255815462091,0.5323594513624613,27.89289093017578
CHEMBL235_EC50,1877,472,v6,64,TabPFN-MLX,0.6382954272559863,0.7749686834714553,0.5389588574275578,10.322925806045532
CHEMBL235_EC50,1877,472,v6,96,TabPFN-MLX,0.62826519630412,0.766091029741786,0.5276024642972102,15.032140970230103
CHEMBL235_EC50,1877,472,v6,128,TabPFN-MLX,0.6348333938809252,0.7744297636925006,0.5328282306396186,19.15894889831543
CHEMBL235_EC50,1877,472,v6,160,TabPFN-MLX,0.6352107673323971,0.7759367511329309,0.5322225868006613,23.25240683555603
CHEMBL235_EC50,1877,472,v6,192,TabPFN-MLX,0.6354545258880356,0.7777639432274648,0.5310737934723223,28.18401288986206
CHEMBL236_Ki,2077,521,v3,64,TabPFN-MLX,0.7233198675830089,0.8189699721950788,0.6544137878727068,11.995177030563354
CHEMBL236_Ki,2077,521,v3,96,TabPFN-MLX,0.7122417684704017,0.8045188208512856,0.6459241439184106,17.679660081863403
CHEMBL236_Ki,2077,521,v3,128,TabPFN-MLX,0.7109633640153875,0.8127733651038005,0.6368960034367065,22.449113845825195
CHEMBL236_Ki,2077,521,v3,160,TabPFN-MLX,0.7062888278246631,0.8040388140727551,0.6354811406387275,27.48847985267639
CHEMBL236_Ki,2077,521,v3,192,TabPFN-MLX,0.6999396545079969,0.8006060897178147,0.626663307394838,32.82894206047058
CHEMBL236_Ki,2077,521,v4,64,TabPFN-MLX,0.7353576416737013,0.8400829950271479,0.6592232018695898,11.861552000045776
CHEMBL236_Ki,2077,521,v4,96,TabPFN-MLX,0.7247030603762405,0.8166143343824716,0.6588086249452231,17.159483909606934
CHEMBL236_Ki,2077,521,v4,128,TabPFN-MLX,0.7170686959991712,0.8159406146337408,0.6454813341489872,22.589213132858276
CHEMBL236_Ki,2077,521,v4,160,TabPFN-MLX,0.7106157769617055,0.798431260594066,0.647838913728223,27.469248056411743
CHEMBL236_Ki,2077,521,v4,192,TabPFN-MLX,0.7106257583090729,0.7996999371579999,0.6468491000827729,32.691582918167114
CHEMBL236_Ki,2077,521,v5,64,TabPFN-MLX,0.7379824321253046,0.8307987451065423,0.6715014328490398,12.185577154159546
CHEMBL236_Ki,2077,521,v5,96,TabPFN-MLX,0.7310137831801401,0.8287737482503167,0.660493798269399,17.22681975364685
CHEMBL236_Ki,2077,521,v5,128,TabPFN-MLX,0.726989538560866,0.8270146465526717,0.6545864090906925,22.72386407852173
CHEMBL236_Ki,2077,521,v5,160,TabPFN-MLX,0.7201053445626975,0.8219496965005968,0.6461308598960199,27.81159496307373
CHEMBL236_Ki,2077,521,v5,192,TabPFN-MLX,0.711411873309061,0.8102588923295008,0.6397744091128248,32.803142070770264
CHEMBL236_Ki,2077,521,v6,64,TabPFN-MLX,0.7364051434536719,0.8221726897358221,0.6754761817623889,11.95918607711792
CHEMBL236_Ki,2077,521,v6,96,TabPFN-MLX,0.7276244247845799,0.8285143674618801,0.6545252614898177,17.268935918807983
CHEMBL236_Ki,2077,521,v6,128,TabPFN-MLX,0.7226673434669004,0.8238997000092633,0.649226340790038,22.477617979049683
CHEMBL236_Ki,2077,521,v6,160,TabPFN-MLX,0.7217418349662742,0.8224470432242955,0.6487193816278535,27.469230890274048
CHEMBL236_Ki,2077,521,v6,192,TabPFN-MLX,0.7212091752370501,0.8134489386769497,0.65501628440532,32.601495027542114
CHEMBL237_EC50,762,193,v3,64,TabPFN-MLX,0.7505115115777856,0.8281282748751395,0.6737600540939677,3.454332113265991
CHEMBL237_EC50,762,193,v3,96,TabPFN-MLX,0.735376729952476,0.8108419593582202,0.6608154120987674,4.918824911117554
CHEMBL237_EC50,762,193,v3,128,TabPFN-MLX,0.7056111146694295,0.796733282614669,0.6129874236262073,6.292187690734863
CHEMBL237_EC50,762,193,v3,160,TabPFN-MLX,0.709077266776403,0.8105636411104826,0.6043176106185454,7.522531986236572
CHEMBL237_EC50,762,193,v3,192,TabPFN-MLX,0.7110206639201735,0.8111053748740836,0.6079785166838041,8.946841955184937
CHEMBL237_EC50,762,193,v4,64,TabPFN-MLX,0.7579142708624299,0.837518676151024,0.679063291132291,3.4470109939575195
CHEMBL237_EC50,762,193,v4,96,TabPFN-MLX,0.7385881381530809,0.8217501077654809,0.6555498339000122,4.837213039398193
CHEMBL237_EC50,762,193,v4,128,TabPFN-MLX,0.7042601429293829,0.7908789622613186,0.6167995344108279,6.1666882038116455
CHEMBL237_EC50,762,193,v4,160,TabPFN-MLX,0.7040825575381322,0.7901019058413128,0.6173041269712239,7.4438934326171875
CHEMBL237_EC50,762,193,v4,192,TabPFN-MLX,0.7272370191499431,0.8154770523294794,0.6382985555107438,8.682100057601929
CHEMBL237_EC50,762,193,v5,64,TabPFN-MLX,0.7654115418241983,0.8500876998537427,0.6810378986867824,3.457426071166992
CHEMBL237_EC50,762,193,v5,96,TabPFN-MLX,0.7391972586298142,0.8256765553666786,0.6524397956361205,4.987293243408203
CHEMBL237_EC50,762,193,v5,128,TabPFN-MLX,0.7024832233787842,0.7783857483202136,0.6270587630121112,6.202600955963135
CHEMBL237_EC50,762,193,v5,160,TabPFN-MLX,0.7151335248780755,0.7966008182137377,0.63367243606266,7.502979040145874
CHEMBL237_EC50,762,193,v5,192,TabPFN-MLX,0.7073231300093875,0.7902919520146323,0.6240598521704129,8.692380905151367
CHEMBL237_EC50,762,193,v6,64,TabPFN-MLX,0.7769476106427851,0.8595745201848631,0.6949887968779593,3.4758567810058594
CHEMBL237_EC50,762,193,v6,96,TabPFN-MLX,0.7494610996114341,0.8320615162963599,0.6671922643343984,4.825841903686523
CHEMBL237_EC50,762,193,v6,128,TabPFN-MLX,0.7192931817901387,0.8080231131916177,0.6296655797810999,6.177110910415649
CHEMBL237_EC50,762,193,v6,160,TabPFN-MLX,0.7038763270649283,0.7949002049747097,0.6113345599826056,7.526615142822266
CHEMBL237_EC50,762,193,v6,192,TabPFN-MLX,0.7127944672413691,0.8001584119717263,0.6246221353779334,8.717731952667236
CHEMBL237_Ki,2081,522,v3,64,TabPFN-MLX,0.6834953891288874,0.7619014031933652,0.6185821276577654,12.47680401802063
CHEMBL237_Ki,2081,522,v3,96,TabPFN-MLX,0.6800516402747656,0.7594891120979047,0.6141523989422418,17.74484395980835
CHEMBL237_Ki,2081,522,v3,128,TabPFN-MLX,0.6632953251400049,0.7391421027189425,0.6005228645266093,22.709406852722168
CHEMBL237_Ki,2081,522,v3,160,TabPFN-MLX,0.655901339417009,0.726154089551354,0.598157659892591,27.773507118225098
CHEMBL237_Ki,2081,522,v3,192,TabPFN-MLX,0.6558791202483361,0.7320037869214768,0.5927731861195668,32.94582009315491
CHEMBL237_Ki,2081,522,v4,64,TabPFN-MLX,0.6785729576753295,0.7641050081188527,0.6069848797735887,12.035303354263306
CHEMBL237_Ki,2081,522,v4,96,TabPFN-MLX,0.6800561102689735,0.7668577895840928,0.6072934864424785,17.41650915145874
CHEMBL237_Ki,2081,522,v4,128,TabPFN-MLX,0.6679269654885408,0.7409210241216287,0.6078060198833148,22.646278142929077
CHEMBL237_Ki,2081,522,v4,160,TabPFN-MLX,0.6542809100124899,0.7316275396363254,0.5900297566361594,29.539076805114746
CHEMBL237_Ki,2081,522,v4,192,TabPFN-MLX,0.6543776277272568,0.7305061616343982,0.5912520163423057,33.01647734642029
CHEMBL237_Ki,2081,522,v5,64,TabPFN-MLX,0.675720322348533,0.7647999190804307,0.6007442854880557,12.219419956207275
CHEMBL237_Ki,2081,522,v5,96,TabPFN-MLX,0.6744116205590497,0.7584627645376697,0.6041593112717053,17.852910041809082
CHEMBL237_Ki,2081,522,v5,128,TabPFN-MLX,0.6678192239011395,0.7502425914069385,0.599007568547192,22.872445821762085
CHEMBL237_Ki,2081,522,v5,160,TabPFN-MLX,0.6654403304986346,0.7435252130436739,0.6006302235720543,28.25316619873047
CHEMBL237_Ki,2081,522,v5,192,TabPFN-MLX,0.6549209579066367,0.732719096593807,0.5902591530971948,33.506458044052124
CHEMBL237_Ki,2081,522,v6,64,TabPFN-MLX,0.6778642161765602,0.7654424955868945,0.6043398022585115,12.146259307861328
CHEMBL237_Ki,2081,522,v6,96,TabPFN-MLX,0.6776484454204477,0.7622299826255995,0.6069400262223242,17.755951166152954
CHEMBL237_Ki,2081,522,v6,128,TabPFN-MLX,0.6669001369154139,0.7476278381370322,0.5996578085160105,22.766823291778564
CHEMBL237_Ki,2081,522,v6,160,TabPFN-MLX,0.6630821396461908,0.740782803813638,0.5986008254399521,27.980127096176147
CHEMBL237_Ki,2081,522,v6,192,TabPFN-MLX,0.6636275269328581,0.7454510861832483,0.5953248370636895,33.55881309509277
CHEMBL238_Ki,839,213,v3,64,TabPFN-MLX,0.5901763180569546,0.673242043189998,0.5583690378055658,3.8719980716705322
CHEMBL238_Ki,839,213,v3,96,TabPFN-MLX,0.5857616923748994,0.6784884081154607,0.5498263149852306,5.524780035018921
CHEMBL238_Ki,839,213,v3,128,TabPFN-MLX,0.5907877006672958,0.69951001286515,0.547902368375892,7.004251956939697
CHEMBL238_Ki,839,213,v3,160,TabPFN-MLX,0.5808348937221166,0.7059143053476974,0.5304183902347887,8.725477695465088
CHEMBL238_Ki,839,213,v3,192,TabPFN-MLX,0.5857526106000842,0.7079039188320189,0.5367481751128873,9.881294012069702
CHEMBL238_Ki,839,213,v4,64,TabPFN-MLX,0.5891914550318306,0.6890916822486437,0.5501761663678556,3.880246162414551
CHEMBL238_Ki,839,213,v4,96,TabPFN-MLX,0.5938594616828591,0.7092727200886445,0.5480101112873846,5.433253049850464
CHEMBL238_Ki,839,213,v4,128,TabPFN-MLX,0.587351022255689,0.7097852402927902,0.5382359844160114,7.011419773101807
CHEMBL238_Ki,839,213,v4,160,TabPFN-MLX,0.5825015478563822,0.7051311272224933,0.5332374980872056,8.539943933486938
CHEMBL238_Ki,839,213,v4,192,TabPFN-MLX,0.5808333800911941,0.708849387020802,0.5290518894021575,9.914136171340942
CHEMBL238_Ki,839,213,v5,64,TabPFN-MLX,0.5931799561472321,0.694597541039813,0.5535334549901247,3.889097213745117
CHEMBL238_Ki,839,213,v5,96,TabPFN-MLX,0.6015623266046447,0.7149824414398093,0.5566846863557868,5.481453895568848
CHEMBL238_Ki,839,213,v5,128,TabPFN-MLX,0.6003205744345784,0.7252425643029519,0.5502199600110226,7.188383102416992
CHEMBL238_Ki,839,213,v5,160,TabPFN-MLX,0.5882162922005963,0.7167979975803327,0.5362711521236305,8.513293981552124
CHEMBL238_Ki,839,213,v5,192,TabPFN-MLX,0.5902141898318315,0.7117509484989879,0.5415444939333522,9.841286182403564
CHEMBL238_Ki,839,213,v6,64,TabPFN-MLX,0.5980442508014534,0.6904907847002936,0.5623084642893608,3.8711743354797363
CHEMBL238_Ki,839,213,v6,96,TabPFN-MLX,0.5949461583211686,0.6974770148055218,0.554826853265771,5.419424057006836
CHEMBL238_Ki,839,213,v6,128,TabPFN-MLX,0.5986263903324711,0.7192355050359056,0.5504763415308784,7.0342347621917725
CHEMBL238_Ki,839,213,v6,160,TabPFN-MLX,0.5852191336117142,0.7238326935641964,0.528505049752658,8.456386804580688
CHEMBL238_Ki,839,213,v6,192,TabPFN-MLX,0.5915825584787353,0.7171383078332594,0.5410830459174873,9.85710072517395
CHEMBL239_EC50,1374,347,v3,64,TabPFN-MLX,0.6939129191342055,0.8123518368538057,0.5995049152650003,6.973151922225952
CHEMBL239_EC50,1374,347,v3,96,TabPFN-MLX,0.6903869097675414,0.8120572277535929,0.592884210483235,9.959198951721191
CHEMBL239_EC50,1374,347,v3,128,TabPFN-MLX,0.6979220850340382,0.8146566232815555,0.6051768429869812,12.814073085784912
CHEMBL239_EC50,1374,347,v3,160,TabPFN-MLX,0.692813970403354,0.8130932256191913,0.5966693983423935,15.646274089813232
CHEMBL239_EC50,1374,347,v3,192,TabPFN-MLX,0.6883338726247872,0.8107300700709092,0.5900999359176723,18.895205974578857
CHEMBL239_EC50,1374,347,v4,64,TabPFN-MLX,0.6826454997160291,0.8047491624039139,0.5845465362434459,6.888637065887451
CHEMBL239_EC50,1374,347,v4,96,TabPFN-MLX,0.6771075073230514,0.7969490465654974,0.581000445743265,9.802776098251343
CHEMBL239_EC50,1374,347,v4,128,TabPFN-MLX,0.6850977673685325,0.8112363525559317,0.5832401496392238,12.67286205291748
CHEMBL239_EC50,1374,347,v4,160,TabPFN-MLX,0.6697224133781007,0.785850559529897,0.57691486105204,15.624572038650513
CHEMBL239_EC50,1374,347,v4,192,TabPFN-MLX,0.6749254441589166,0.7939583377309288,0.5795243570921139,18.959059953689575
CHEMBL239_EC50,1374,347,v5,64,TabPFN-MLX,0.689468686195671,0.8152561756942408,0.5880598667413002,6.941819190979004
CHEMBL239_EC50,1374,347,v5,96,TabPFN-MLX,0.6929806601824373,0.8086770424812707,0.601086961129278,9.72796630859375
CHEMBL239_EC50,1374,347,v5,128,TabPFN-MLX,0.6908970051203472,0.818115744367194,0.5881654217538318,12.833792924880981
CHEMBL239_EC50,1374,347,v5,160,TabPFN-MLX,0.6924732617266934,0.8155555490908968,0.5936955376793889,15.507224082946777
CHEMBL239_EC50,1374,347,v5,192,TabPFN-MLX,0.688313046780678,0.8193220789831948,0.5818790774504721,18.80978798866272
CHEMBL239_EC50,1374,347,v6,64,TabPFN-MLX,0.6865957338730629,0.8086434685353394,0.5886468174492498,6.8839311599731445
CHEMBL239_EC50,1374,347,v6,96,TabPFN-MLX,0.6758522040542637,0.7953515168757622,0.5800359948268726,9.74960708618164
CHEMBL239_EC50,1374,347,v6,128,TabPFN-MLX,0.6698229302386827,0.7998075566688654,0.563834805379636,12.637914896011353
CHEMBL239_EC50,1374,347,v6,160,TabPFN-MLX,0.6670974268626761,0.7962524749980889,0.5618322965966392,15.59285306930542
CHEMBL239_EC50,1374,347,v6,192,TabPFN-MLX,0.6644097037595436,0.7982928060970845,0.5544370166276346,18.779373168945312
CHEMBL244_Ki,2476,621,v3,64,TabPFN-MLX,0.7098115661566583,0.7954161510862182,0.621671755563636,16.115272998809814
CHEMBL244_Ki,2476,621,v3,96,TabPFN-MLX,0.6954071323418491,0.7883838341071177,0.5982835008763682,22.94975519180298
CHEMBL244_Ki,2476,621,v3,128,TabPFN-MLX,0.6944466246464732,0.7884239785890524,0.5960995965073476,29.233541250228882
CHEMBL244_Ki,2476,621,v3,160,TabPFN-MLX,0.6874171553895307,0.7798663284007971,0.5907599300077837,35.934574127197266
CHEMBL244_Ki,2476,621,v3,192,TabPFN-MLX,0.6843059208813493,0.781184422601751,0.5822101036593966,42.71675515174866
CHEMBL244_Ki,2476,621,v4,64,TabPFN-MLX,0.707929767384888,0.7908750809509226,0.6228472829428275,15.961505889892578
CHEMBL244_Ki,2476,621,v4,96,TabPFN-MLX,0.6958756470140177,0.7867172059363144,0.6013149148313467,22.599147081375122
CHEMBL244_Ki,2476,621,v4,128,TabPFN-MLX,0.7008747544523775,0.7914519437080301,0.6067257292741739,29.45642900466919
CHEMBL244_Ki,2476,621,v4,160,TabPFN-MLX,0.6922139767648448,0.7860712821053124,0.5939637100697113,35.85290718078613
CHEMBL244_Ki,2476,621,v4,192,TabPFN-MLX,0.6864887299317582,0.7817563132899426,0.5864059101838638,42.86413311958313
CHEMBL244_Ki,2476,621,v5,64,TabPFN-MLX,0.7025684061038867,0.787248206377939,0.6153878399014815,15.949105978012085
CHEMBL244_Ki,2476,621,v5,96,TabPFN-MLX,0.6973943511362163,0.7854883051680955,0.6061207613884325,22.611520051956177
CHEMBL244_Ki,2476,621,v5,128,TabPFN-MLX,0.6960376858209675,0.7853085574177491,0.6033468164690176,29.59882879257202
CHEMBL244_Ki,2476,621,v5,160,TabPFN-MLX,0.688271653003445,0.7773761454977235,0.5956301284841443,36.09702396392822
CHEMBL244_Ki,2476,621,v5,192,TabPFN-MLX,0.6854766418475767,0.7730515412916976,0.5945967609339107,42.989422082901
CHEMBL244_Ki,2476,621,v6,64,TabPFN-MLX,0.7010083658736799,0.7863061559785209,0.613080909224711,15.983741283416748
CHEMBL244_Ki,2476,621,v6,96,TabPFN-MLX,0.6900437718480946,0.7827449228809852,0.5931390078129579,22.996707677841187
CHEMBL244_Ki,2476,621,v6,128,TabPFN-MLX,0.6910081999936731,0.7810802656804192,0.5972685460180753,29.42918872833252
CHEMBL244_Ki,2476,621,v6,160,TabPFN-MLX,0.6882689034332085,0.7762310940441199,0.5969826386545508,36.01702404022217
CHEMBL244_Ki,2476,621,v6,192,TabPFN-MLX,0.6816249288156326,0.7754670689180482,0.5831612236571706,44.74031901359558
CHEMBL262_Ki,683,173,v3,64,TabPFN-MLX,0.750185625629011,0.7863766120405384,0.7417262199866265,3.259690046310425
CHEMBL262_Ki,683,173,v3,96,TabPFN-MLX,0.7086502422790177,0.7015489504722764,0.7102519492284068,4.820925235748291
CHEMBL262_Ki,683,173,v3,128,TabPFN-MLX,0.7007723549370803,0.6791955768150246,0.7055773671496693,6.090534210205078
CHEMBL262_Ki,683,173,v3,160,TabPFN-MLX,0.6984019063460931,0.6728348639953277,0.7040751501200717,6.469172954559326
CHEMBL262_Ki,683,173,v3,192,TabPFN-MLX,0.7011153216919039,0.6813759932243961,0.7055182311827056,7.483968019485474
CHEMBL262_Ki,683,173,v4,64,TabPFN-MLX,0.760581003137522,0.8029573228404867,0.7506306301671275,3.0445101261138916
CHEMBL262_Ki,683,173,v4,96,TabPFN-MLX,0.7147187504109752,0.7396140204138981,0.7089470046942404,4.264923095703125
CHEMBL262_Ki,683,173,v4,128,TabPFN-MLX,0.6989125908116894,0.6747739925662916,0.7042756943313249,5.450911998748779
CHEMBL262_Ki,683,173,v4,160,TabPFN-MLX,0.7034580925224024,0.6759722665707,0.7095478435458589,6.498169183731079
CHEMBL262_Ki,683,173,v4,192,TabPFN-MLX,0.7011954428449628,0.6579994769543596,0.7106333071341397,7.855108737945557
CHEMBL262_Ki,683,173,v5,64,TabPFN-MLX,0.7549832019452976,0.7862229194889903,0.7477116642967495,3.1820831298828125
CHEMBL262_Ki,683,173,v5,96,TabPFN-MLX,0.6998750813602183,0.72482214423261,0.694088512175386,4.10381817817688
CHEMBL262_Ki,683,173,v5,128,TabPFN-MLX,0.6915338689408078,0.67369993897911,0.6955176490145953,930.2463049888611
CHEMBL262_Ki,683,173,v5,160,TabPFN-MLX,0.7058965946553637,0.6708128540001165,0.7136187453765117,5.198734760284424
CHEMBL262_Ki,683,173,v5,192,TabPFN-MLX,0.7007672515797868,0.676333758337446,0.7061947463373045,5.9031898975372314
CHEMBL262_Ki,683,173,v6,64,TabPFN-MLX,0.7595832821637958,0.7827475880646926,0.7542270906665638,2.4756431579589844
CHEMBL262_Ki,683,173,v6,96,TabPFN-MLX,0.7225916653202861,0.7441611299668343,0.7176061733788326,3.3475770950317383
CHEMBL262_Ki,683,173,v6,128,TabPFN-MLX,0.7068397937172999,0.7073562465243877,0.7067225293318409,4.316904067993164
CHEMBL262_Ki,683,173,v6,160,TabPFN-MLX,0.7020356322439772,0.6584375569579358,0.7115584376122431,5.106543064117432
CHEMBL262_Ki,683,173,v6,192,TabPFN-MLX,0.7015805554349873,0.6504851493078548,0.7126668500456947,5.977798223495483
CHEMBL264_Ki,2288,574,v3,64,TabPFN-MLX,0.580171879342864,0.6523082289475962,0.5226571828608606,931.2666981220245
CHEMBL264_Ki,2288,574,v3,96,TabPFN-MLX,0.5728598884422275,0.6384082915224759,0.5210799459890963,16.649877071380615
CHEMBL264_Ki,2288,574,v3,128,TabPFN-MLX,0.5773702024354254,0.6403984273928741,0.5278235054562651,20.35282611846924
CHEMBL264_Ki,2288,574,v3,160,TabPFN-MLX,0.5695589391102486,0.6380612548687437,0.5151493595253711,955.4095070362091
CHEMBL264_Ki,2288,574,v3,192,TabPFN-MLX,0.5726757467783852,0.6293760641746275,0.5285189496687859,29.76474905014038
CHEMBL264_Ki,2288,574,v4,64,TabPFN-MLX,0.5825003966956364,0.6538336181409872,0.5257260694639933,995.679573059082
CHEMBL264_Ki,2288,574,v4,96,TabPFN-MLX,0.5762724449188781,0.6435089558168612,0.5230473729901155,15.572659015655518
CHEMBL264_Ki,2288,574,v4,128,TabPFN-MLX,0.5786098045534394,0.6387241587105394,0.5315832887741112,20.34435200691223
CHEMBL264_Ki,2288,574,v4,160,TabPFN-MLX,0.5692124404578477,0.6331986555992501,0.5187609131366024,1022.9121780395508
CHEMBL264_Ki,2288,574,v4,192,TabPFN-MLX,0.5684559009293704,0.6254511635314136,0.5240182359503391,968.440771818161
CHEMBL264_Ki,2288,574,v5,64,TabPFN-MLX,0.588951572932209,0.6603351553746247,0.5322039678134686,10.961662292480469
CHEMBL264_Ki,2288,574,v5,96,TabPFN-MLX,0.5869748660056685,0.6431020206909631,0.5433999963052052,15.707853078842163
CHEMBL264_Ki,2288,574,v5,128,TabPFN-MLX,0.5847721209066518,0.641158811952779,0.5409635112465379,1055.047219991684
CHEMBL264_Ki,2288,574,v5,160,TabPFN-MLX,0.578080252900352,0.6424859627255267,0.52734504982117,24.51901888847351
CHEMBL264_Ki,2288,574,v5,192,TabPFN-MLX,0.581872495979797,0.6349817465614161,0.5408041365089308,217.7125120162964
CHEMBL264_Ki,2288,574,v6,64,TabPFN-MLX,0.5862092722997924,0.6596279400385341,0.5276222341393133,10.944266080856323
CHEMBL264_Ki,2288,574,v6,96,TabPFN-MLX,0.586366979237975,0.6512613053173434,0.5352820366933773,15.763554811477661
CHEMBL264_Ki,2288,574,v6,128,TabPFN-MLX,0.5781211337398433,0.6412260213536599,0.5285145513575801,957.6828942298889
CHEMBL264_Ki,2288,574,v6,160,TabPFN-MLX,0.5712659782245183,0.6333291570207864,0.5225015784883156,24.780993938446045
CHEMBL264_Ki,2288,574,v6,192,TabPFN-MLX,0.5716527840631189,0.6281310569888676,0.5276774728001478,988.9594790935516
CHEMBL2835_Ki,489,126,v3,64,TabPFN-MLX,0.35054483411826937,0.7170303754371002,0.2790528945722145,1.888174057006836
CHEMBL2835_Ki,489,126,v3,96,TabPFN-MLX,0.39999824463935973,0.8258716587895722,0.31612971666451817,2.571669101715088
CHEMBL2835_Ki,489,126,v3,128,TabPFN-MLX,0.37678974939767096,0.7765855781917612,0.2981978108005258,3.1257379055023193
CHEMBL2835_Ki,489,126,v3,160,TabPFN-MLX,0.3682101395406464,0.7696136972633019,0.28815782587563504,3.7308778762817383
CHEMBL2835_Ki,489,126,v3,192,TabPFN-MLX,0.36318121322339914,0.7513425651940461,0.2865845041136487,4.229413747787476
CHEMBL2835_Ki,489,126,v4,64,TabPFN-MLX,0.36090205047381135,0.7609324382637129,0.28039642453407093,1.856802225112915
CHEMBL2835_Ki,489,126,v4,96,TabPFN-MLX,0.39974188001472016,0.800834691195043,0.3231019006659054,2.545499324798584
CHEMBL2835_Ki,489,126,v4,128,TabPFN-MLX,0.4070007283487762,0.7955818904156252,0.3344985840486628,3.0948190689086914
CHEMBL2835_Ki,489,126,v4,160,TabPFN-MLX,0.3847937791467223,0.7522212751767,0.3162343299888685,3.860769033432007
CHEMBL2835_Ki,489,126,v4,192,TabPFN-MLX,0.39884791086942617,0.7729615953313647,0.3296140647748039,985.0274529457092
CHEMBL2835_Ki,489,126,v5,64,TabPFN-MLX,0.3619327332425326,0.7504831585681341,0.28507845614354727,2.039557933807373
CHEMBL2835_Ki,489,126,v5,96,TabPFN-MLX,0.3929920197227488,0.7803306510870504,0.3196219816777736,2.450629234313965
CHEMBL2835_Ki,489,126,v5,128,TabPFN-MLX,0.3898060033103019,0.7830014623211765,0.3144787843080015,3.0171163082122803
CHEMBL2835_Ki,489,126,v5,160,TabPFN-MLX,0.3841937894031752,0.7798837923024188,0.30759369291169175,3.579486131668091
CHEMBL2835_Ki,489,126,v5,192,TabPFN-MLX,0.3774785940151663,0.7994949803150043,0.2921427080429348,4.109103679656982
CHEMBL2835_Ki,489,126,v6,64,TabPFN-MLX,0.35004640680285287,0.6980747262172806,0.283843493771335,1.8365859985351562
CHEMBL2835_Ki,489,126,v6,96,TabPFN-MLX,0.39175895134656374,0.7296780881744415,0.33147923077384156,2.4410488605499268
CHEMBL2835_Ki,489,126,v6,128,TabPFN-MLX,0.37426280039147153,0.7415577676383351,0.30483348723576786,3.054763078689575
CHEMBL2835_Ki,489,126,v6,160,TabPFN-MLX,0.3676971388815749,0.7317824357132274,0.29857740917436415,3.507737874984741
CHEMBL2835_Ki,489,126,v6,192,TabPFN-MLX,0.3734318010541772,0.7524629920274353,0.3005931811237594,4.140843152999878
CHEMBL287_Ki,1061,267,v3,64,TabPFN-MLX,0.6743969050925229,0.7549558853372754,0.6184602964728564,3.9836130142211914
CHEMBL287_Ki,1061,267,v3,96,TabPFN-MLX,0.6469293774218436,0.7070103004681821,0.6061586694646997,5.575620889663696
CHEMBL287_Ki,1061,267,v3,128,TabPFN-MLX,0.655491322252635,0.7118401299326841,0.6174781935621411,598.3484818935394
CHEMBL287_Ki,1061,267,v3,160,TabPFN-MLX,0.6459530493826029,0.6920956552852779,0.6152064483601644,8.763980150222778
CHEMBL287_Ki,1061,267,v3,192,TabPFN-MLX,0.6398308413813838,0.6899973636728869,0.6062051048566033,10.462754964828491
CHEMBL287_Ki,1061,267,v4,64,TabPFN-MLX,0.663356473002355,0.7444840086993033,0.6068850779457771,4.0000998973846436
CHEMBL287_Ki,1061,267,v4,96,TabPFN-MLX,0.6302565064947431,0.6915279647678091,0.5885228151211095,5.792601823806763
CHEMBL287_Ki,1061,267,v4,128,TabPFN-MLX,0.645829367369093,0.6892979476973976,0.6169652176408904,7.324162006378174
CHEMBL287_Ki,1061,267,v4,160,TabPFN-MLX,0.6414699100029151,0.6950778994024459,0.605379331815456,916.4916021823883
CHEMBL287_Ki,1061,267,v4,192,TabPFN-MLX,0.6363725949947999,0.6884850900541254,0.6013389766626376,13.452738761901855
CHEMBL287_Ki,1061,267,v5,64,TabPFN-MLX,0.664435248383952,0.7504596096660041,0.6041779325246032,4.338229179382324
CHEMBL287_Ki,1061,267,v5,96,TabPFN-MLX,0.6464035813477302,0.707492193374429,0.6048909783851427,5.616616725921631
CHEMBL287_Ki,1061,267,v5,128,TabPFN-MLX,0.6570625043731315,0.7117649335564122,0.6202451318628988,7.218748331069946
CHEMBL287_Ki,1061,267,v5,160,TabPFN-MLX,0.6500614925787856,0.6886645337782946,0.6245983502128939,8.832490682601929
CHEMBL287_Ki,1061,267,v5,192,TabPFN-MLX,0.6408772320917766,0.6956772008539114,0.6039233265741112,967.7608950138092
CHEMBL287_Ki,1061,267,v6,64,TabPFN-MLX,0.6755806950555713,0.7590498506788486,0.6174156153700793,4.050469160079956
CHEMBL287_Ki,1061,267,v6,96,TabPFN-MLX,0.6424179805176912,0.7106357814537952,0.5955925010148863,5.584011077880859
CHEMBL287_Ki,1061,267,v6,128,TabPFN-MLX,0.6454237336358178,0.6996133852129688,0.6089295446390494,7.268834829330444
CHEMBL287_Ki,1061,267,v6,160,TabPFN-MLX,0.6477026854872412,0.7029233219402249,0.6104731324240913,8.765644073486328
CHEMBL287_Ki,1061,267,v6,192,TabPFN-MLX,0.634377346128438,0.700402903409307,0.5891391259095813,10.603809118270874
CHEMBL2971_Ki,779,197,v3,64,TabPFN-MLX,0.6187576890718143,0.7642579232461226,0.5838551713275234,2.875439167022705
CHEMBL2971_Ki,779,197,v3,96,TabPFN-MLX,0.6484015121584703,0.8204781138042507,0.6063840776816559,4.633991956710815
CHEMBL2971_Ki,779,197,v3,128,TabPFN-MLX,0.6273423647360513,0.8116590843264287,0.5815788917752699,989.9535310268402
CHEMBL2971_Ki,779,197,v3,160,TabPFN-MLX,0.6256982002917076,0.836999521599454,0.5718651108850823,6.174148082733154
CHEMBL2971_Ki,779,197,v3,192,TabPFN-MLX,0.6193500008335239,0.8305880068886107,0.5654266831708559,7.0747597217559814
CHEMBL2971_Ki,779,197,v4,64,TabPFN-MLX,0.6129453674726358,0.7477097112501756,0.580907492065251,2.823441743850708
CHEMBL2971_Ki,779,197,v4,96,TabPFN-MLX,0.6418717278580061,0.7719093793865274,0.6112702558628771,3.894355058670044
CHEMBL2971_Ki,779,197,v4,128,TabPFN-MLX,0.6272831698724514,0.7578453371464638,0.5964577069969322,5.049982786178589
CHEMBL2971_Ki,779,197,v4,160,TabPFN-MLX,0.6186231020645685,0.7835467719070902,0.5783235621336876,6.155356168746948
CHEMBL2971_Ki,779,197,v4,192,TabPFN-MLX,0.613355790000101,0.7801397827415273,0.5724740804193662,7.072946071624756
CHEMBL2971_Ki,779,197,v5,64,TabPFN-MLX,0.6268732846009354,0.7526781426386346,0.5973011033752255,2.8575289249420166
CHEMBL2971_Ki,779,197,v5,96,TabPFN-MLX,0.6324824897317521,0.7833865514560662,0.596210476307096,3.98947811126709
CHEMBL2971_Ki,779,197,v5,128,TabPFN-MLX,0.6085237034261315,0.7766115199990922,0.5672182248203321,613.8093230724335
CHEMBL2971_Ki,779,197,v5,160,TabPFN-MLX,0.6068253117500623,0.8045275260645002,0.556807777337657,6.178606986999512
CHEMBL2971_Ki,779,197,v5,192,TabPFN-MLX,0.6061761968463273,0.8065329934789772,0.5553461113816703,7.089231014251709
CHEMBL2971_Ki,779,197,v6,64,TabPFN-MLX,0.6232830783743541,0.7769372538560906,0.5861774207697703,2.8751440048217773
CHEMBL2971_Ki,779,197,v6,96,TabPFN-MLX,0.6376306988869581,0.7916285647877167,0.6005513002905752,3.959195852279663
CHEMBL2971_Ki,779,197,v6,128,TabPFN-MLX,0.6255486464424725,0.8036853141918104,0.5815535767786421,5.055058717727661
CHEMBL2971_Ki,779,197,v6,160,TabPFN-MLX,0.6131615734566241,0.7864321689590248,0.5704230893704402,6.983719110488892
CHEMBL2971_Ki,779,197,v6,192,TabPFN-MLX,0.617152176823996,0.8112226863077705,0.5683790904817191,7.887333154678345
CHEMBL3979_EC50,899,226,v3,64,TabPFN-MLX,0.6140969555533188,0.6489493406682009,0.5880198796019297,3.4593842029571533
CHEMBL3979_EC50,899,226,v3,96,TabPFN-MLX,0.612688616496237,0.6550157156726023,0.5806687555979934,561.6129732131958
CHEMBL3979_EC50,899,226,v3,128,TabPFN-MLX,0.6106615179771792,0.6552658876532744,0.5767988511369033,6.031228065490723
CHEMBL3979_EC50,899,226,v3,160,TabPFN-MLX,0.6007525701336883,0.6408209617306839,0.5705060238599572,7.1890740394592285
CHEMBL3979_EC50,899,226,v3,192,TabPFN-MLX,0.6135254392005303,0.6718488732514384,0.5683551801284199,8.470081806182861
CHEMBL3979_EC50,899,226,v4,64,TabPFN-MLX,0.6161884720904236,0.6497451282537278,0.5911319635811529,3.2793240547180176
CHEMBL3979_EC50,899,226,v4,96,TabPFN-MLX,0.616416111082774,0.6676253166505098,0.577185769979531,4.565463066101074
CHEMBL3979_EC50,899,226,v4,128,TabPFN-MLX,0.6130790863189016,0.6719659034091441,0.5674312656218509,5.875158071517944
CHEMBL3979_EC50,899,226,v4,160,TabPFN-MLX,0.6064102973596509,0.6712179963777958,0.5556704985073231,7.214723110198975
CHEMBL3979_EC50,899,226,v4,192,TabPFN-MLX,0.6228955602312807,0.672846712446519,0.5847287234561318,977.9255771636963
CHEMBL3979_EC50,899,226,v5,64,TabPFN-MLX,0.6058621758814987,0.6518535942593601,0.5708562531939929,3.3118600845336914
CHEMBL3979_EC50,899,226,v5,96,TabPFN-MLX,0.6085923866971653,0.6506093204525477,0.576808358059668,4.648114919662476
CHEMBL3979_EC50,899,226,v5,128,TabPFN-MLX,0.6080153041124398,0.6556585462222803,0.5716720992387193,5.903320789337158
CHEMBL3979_EC50,899,226,v5,160,TabPFN-MLX,0.6022062696413059,0.6538026451882933,0.5625860360363695,7.1751508712768555
CHEMBL3979_EC50,899,226,v5,192,TabPFN-MLX,0.6239442730329378,0.66795063551941,0.5906109399484399,8.469505071640015
CHEMBL3979_EC50,899,226,v6,64,TabPFN-MLX,0.609205809360615,0.6538290600354627,0.575322575892745,3.265294075012207
CHEMBL3979_EC50,899,226,v6,96,TabPFN-MLX,0.6122607591072311,0.6590504159267216,0.5766309299540339,4.612640142440796
CHEMBL3979_EC50,899,226,v6,128,TabPFN-MLX,0.609875107002288,0.6539223581241981,0.5764599613304113,6.283838987350464
CHEMBL3979_EC50,899,226,v6,160,TabPFN-MLX,0.6009163048666891,0.6546759574801267,0.5594926550539026,912.5135231018066
CHEMBL3979_EC50,899,226,v6,192,TabPFN-MLX,0.6112234495204539,0.6586993240321705,0.5750302918374696,8.58495020866394
CHEMBL4005_Ki,767,193,v3,64,TabPFN-MLX,0.6319182635625903,0.811568092559006,0.4601905071673718,2.7897391319274902
CHEMBL4005_Ki,767,193,v3,96,TabPFN-MLX,0.6278311739660721,0.802543450364655,0.46199336590999235,3.862056016921997
CHEMBL4005_Ki,767,193,v3,128,TabPFN-MLX,0.6315618330221981,0.8075625344618816,0.4644239758198644,4.838897943496704
CHEMBL4005_Ki,767,193,v3,160,TabPFN-MLX,0.6180965633813363,0.7845602098022963,0.4617132028417538,5.883998870849609
CHEMBL4005_Ki,767,193,v3,192,TabPFN-MLX,0.6159350810010721,0.7893855123053999,0.4506551417403339,6.919053792953491
CHEMBL4005_Ki,767,193,v4,64,TabPFN-MLX,0.6207266628442992,0.7890768899644124,0.46222658452485516,2.7822980880737305
CHEMBL4005_Ki,767,193,v4,96,TabPFN-MLX,0.6244042179499771,0.8015942052330023,0.4551310037826162,3.830552101135254
CHEMBL4005_Ki,767,193,v4,128,TabPFN-MLX,0.6112274233231294,0.7857114811946309,0.4442072252247155,6.499128103256226
CHEMBL4005_Ki,767,193,v4,160,TabPFN-MLX,0.6143432945848595,0.789915284974516,0.4462177879130239,930.8903510570526
CHEMBL4005_Ki,767,193,v4,192,TabPFN-MLX,0.6089961023284259,0.7830023377384838,0.4423820040865958,6.8506879806518555
CHEMBL4005_Ki,767,193,v5,64,TabPFN-MLX,0.6269407419663374,0.7924333089450943,0.47241363919426876,2.8134639263153076
CHEMBL4005_Ki,767,193,v5,96,TabPFN-MLX,0.6152104933205922,0.7906015701742525,0.4473959720361189,3.7702651023864746
CHEMBL4005_Ki,767,193,v5,128,TabPFN-MLX,0.6132991569480283,0.792093630313582,0.44091849258408633,4.860579013824463
CHEMBL4005_Ki,767,193,v5,160,TabPFN-MLX,0.61878954924757,0.7930671367775772,0.45271405955328636,5.852041006088257
CHEMBL4005_Ki,767,193,v5,192,TabPFN-MLX,0.6155250952351393,0.7871447761090431,0.4525204604881592,6.882298946380615
CHEMBL4005_Ki,767,193,v6,64,TabPFN-MLX,0.6345199109388557,0.7975050735312249,0.483547488266156,2.802311897277832
CHEMBL4005_Ki,767,193,v6,96,TabPFN-MLX,0.6298786961620584,0.7961373748656057,0.4746388712692776,3.834648847579956
CHEMBL4005_Ki,767,193,v6,128,TabPFN-MLX,0.6114900027321091,0.7684604533685637,0.4661153183082746,4.992417097091675
CHEMBL4005_Ki,767,193,v6,160,TabPFN-MLX,0.6096665345247951,0.7736768641133323,0.45564074793890774,992.7264330387115
CHEMBL4005_Ki,767,193,v6,192,TabPFN-MLX,0.6043835420606459,0.7673657538463904,0.4512093598618336,7.224854946136475
CHEMBL4203_Ki,582,149,v3,64,TabPFN-MLX,0.9113171749707997,1.3131769795867165,0.8631624511173377,2.262288808822632
CHEMBL4203_Ki,582,149,v3,96,TabPFN-MLX,0.8835364555043902,1.3216718639369405,0.8296272040402941,3.0035400390625
CHEMBL4203_Ki,582,149,v3,128,TabPFN-MLX,0.8884532953093338,1.3153099679593987,0.8363193816182748,3.6105611324310303
CHEMBL4203_Ki,582,149,v3,160,TabPFN-MLX,0.8899946491744962,1.3008897982375403,0.8402617013372449,4.3594958782196045
CHEMBL4203_Ki,582,149,v3,192,TabPFN-MLX,0.8985223481291856,1.3465139219242146,0.8433289713677644,4.982677936553955
CHEMBL4203_Ki,582,149,v4,64,TabPFN-MLX,0.9056994640414883,1.3081097519118474,0.8574006375613199,2.1623117923736572
CHEMBL4203_Ki,582,149,v4,96,TabPFN-MLX,0.908216578886404,1.36244897659377,0.8522128500278698,2.93340802192688
CHEMBL4203_Ki,582,149,v4,128,TabPFN-MLX,0.8939998330877775,1.328914004061602,0.8407277976787337,3.605462074279785
CHEMBL4203_Ki,582,149,v4,160,TabPFN-MLX,0.9055484818908426,1.2761774367160765,0.8618145734643224,4.3136491775512695
CHEMBL4203_Ki,582,149,v4,192,TabPFN-MLX,0.9044619053314522,1.3253238084378547,0.8534332165772965,4.976036071777344
CHEMBL4203_Ki,582,149,v5,64,TabPFN-MLX,0.9096055882227739,1.3237161498384076,0.8596384858303217,2.1618850231170654
CHEMBL4203_Ki,582,149,v5,96,TabPFN-MLX,0.8886324360238939,1.3903266072259557,0.8248501569322417,2.9760048389434814
CHEMBL4203_Ki,582,149,v5,128,TabPFN-MLX,0.8887209700552625,1.3219334059633794,0.8356325538082697,4.124773740768433
CHEMBL4203_Ki,582,149,v5,160,TabPFN-MLX,0.8747956173480452,1.2872068978904225,0.824644042297854,970.6137638092041
CHEMBL4203_Ki,582,149,v5,192,TabPFN-MLX,0.8883233026030048,1.2915995283008421,0.8396937036657784,5.1308839321136475
CHEMBL4203_Ki,582,149,v6,64,TabPFN-MLX,0.9006455530154998,1.3015500566086935,0.8525082647085199,2.1552679538726807
CHEMBL4203_Ki,582,149,v6,96,TabPFN-MLX,0.8901944374543178,1.3636529628870437,0.8309294161308302,2.9651570320129395
CHEMBL4203_Ki,582,149,v6,128,TabPFN-MLX,0.8733849948121707,1.2493802441577093,0.8285576032321346,3.5750043392181396
CHEMBL4203_Ki,582,149,v6,160,TabPFN-MLX,0.8932066192598643,1.294165250691861,0.8449750766238665,4.316411018371582
CHEMBL4203_Ki,582,149,v6,192,TabPFN-MLX,0.8870982227775067,1.2527237304387517,0.8438942397417242,4.952332019805908
CHEMBL4616_EC50,543,139,v3,64,TabPFN-MLX,0.703040690135743,0.7507983567971329,0.6461193056599175,2.0829169750213623
CHEMBL4616_EC50,543,139,v3,96,TabPFN-MLX,0.6955661739554317,0.752610946853526,0.6264500486153599,2.7660460472106934
CHEMBL4616_EC50,543,139,v3,128,TabPFN-MLX,0.686264445043404,0.7414193444658324,0.6195672427638256,3.3736660480499268
CHEMBL4616_EC50,543,139,v3,160,TabPFN-MLX,0.6825498184773927,0.7447124696964341,0.6064173251219189,4.04000997543335
CHEMBL4616_EC50,543,139,v3,192,TabPFN-MLX,0.6754547829985216,0.735298347320733,0.6023790094369227,4.768219947814941
CHEMBL4616_EC50,543,139,v4,64,TabPFN-MLX,0.6822744663390334,0.7279634812281665,0.6278791629760333,2.141301155090332
CHEMBL4616_EC50,543,139,v4,96,TabPFN-MLX,0.6877177500511031,0.7368812406112263,0.6288793096044007,2.7890312671661377
CHEMBL4616_EC50,543,139,v4,128,TabPFN-MLX,0.665987836420257,0.7172428167946757,0.6042540887087461,3.3604958057403564
CHEMBL4616_EC50,543,139,v4,160,TabPFN-MLX,0.6645358698487219,0.721088668127534,0.595765032443727,986.296128988266
CHEMBL4616_EC50,543,139,v4,192,TabPFN-MLX,0.6684183760194982,0.739714024418317,0.5794321181403593,4.762876272201538
CHEMBL4616_EC50,543,139,v5,64,TabPFN-MLX,0.7038743158986461,0.7446277856036649,0.6558556961583467,2.0067367553710938
CHEMBL4616_EC50,543,139,v5,96,TabPFN-MLX,0.6957670076438699,0.7420344947909469,0.6407126855154357,2.7236900329589844
CHEMBL4616_EC50,543,139,v5,128,TabPFN-MLX,0.6892241402992301,0.742325739785582,0.6252599414048831,3.3132081031799316
CHEMBL4616_EC50,543,139,v5,160,TabPFN-MLX,0.6781428971983252,0.7358697329540526,0.6079423888213744,3.8959100246429443
CHEMBL4616_EC50,543,139,v5,192,TabPFN-MLX,0.6741050924993567,0.7446547206719041,0.5862667684454689,4.565430164337158
CHEMBL4616_EC50,543,139,v6,64,TabPFN-MLX,0.6914181250290581,0.7363416027990852,0.638056700859579,1.9849109649658203
CHEMBL4616_EC50,543,139,v6,96,TabPFN-MLX,0.6867394141515534,0.7311340403109599,0.6340260584226343,2.7127511501312256
CHEMBL4616_EC50,543,139,v6,128,TabPFN-MLX,0.67863097234358,0.7330773027649069,0.6128015038857171,3.3222250938415527
CHEMBL4616_EC50,543,139,v6,160,TabPFN-MLX,0.6712880564935431,0.7395051771605603,0.5866686264957219,3.942125082015991
CHEMBL4616_EC50,543,139,v6,192,TabPFN-MLX,0.6794105272382605,0.7435672182791313,0.6005185469368527,4.586220979690552
CHEMBL4792_Ki,1174,297,v3,64,TabPFN-MLX,0.6655679355929187,0.6961087157827361,0.6280225860078564,4.467031240463257
CHEMBL4792_Ki,1174,297,v3,96,TabPFN-MLX,0.6558945465199666,0.6854909455614728,0.61954218119999,6.427998781204224
CHEMBL4792_Ki,1174,297,v3,128,TabPFN-MLX,0.6383859536848548,0.6607274851345857,0.6112607729923935,550.80504322052
CHEMBL4792_Ki,1174,297,v3,160,TabPFN-MLX,0.639901147673684,0.6544342352317827,0.6224988242984685,9.872361421585083
CHEMBL4792_Ki,1174,297,v3,192,TabPFN-MLX,0.6396906947963231,0.6553647564675532,0.6208845301987835,11.815650939941406
CHEMBL4792_Ki,1174,297,v4,64,TabPFN-MLX,0.6602264457265312,0.6957986824940935,0.616087645757563,4.443029165267944
CHEMBL4792_Ki,1174,297,v4,96,TabPFN-MLX,0.6493629148605206,0.6868297821308883,0.6026645078481491,6.372538089752197
CHEMBL4792_Ki,1174,297,v4,128,TabPFN-MLX,0.6409448662478253,0.6717972155943982,0.6029176434647618,8.211942911148071
CHEMBL4792_Ki,1174,297,v4,160,TabPFN-MLX,0.6382929059648745,0.6751537386338348,0.5923471693515321,976.1649270057678
CHEMBL4792_Ki,1174,297,v4,192,TabPFN-MLX,0.6303094882543249,0.6534886392789405,0.6021104274140165,11.76116132736206
CHEMBL4792_Ki,1174,297,v5,64,TabPFN-MLX,0.6495133173533881,0.6904695275451882,0.5981416165027834,4.468925952911377
CHEMBL4792_Ki,1174,297,v5,96,TabPFN-MLX,0.6515861497790431,0.6854384899047037,0.6096756511340468,6.255507230758667
CHEMBL4792_Ki,1174,297,v5,128,TabPFN-MLX,0.6369450172966671,0.6715161451953755,0.5940284577979902,8.10551381111145
CHEMBL4792_Ki,1174,297,v5,160,TabPFN-MLX,0.634630605569562,0.6718250965836478,0.5882219667187142,974.1233420372009
CHEMBL4792_Ki,1174,297,v5,192,TabPFN-MLX,0.6173821395875183,0.6428517046198838,0.5862375381300204,12.34471607208252
CHEMBL4792_Ki,1174,297,v6,64,TabPFN-MLX,0.65775664266801,0.7000898124775826,0.604575550450769,4.5102081298828125
CHEMBL4792_Ki,1174,297,v6,96,TabPFN-MLX,0.6533487538988003,0.6892386472982598,0.6087608421425459,6.246330261230469
CHEMBL4792_Ki,1174,297,v6,128,TabPFN-MLX,0.6369444792174876,0.6654410022863062,0.6019585036743597,8.119345903396606
CHEMBL4792_Ki,1174,297,v6,160,TabPFN-MLX,0.634434328922287,0.6593949256164288,0.6039787910192445,10.078649997711182
CHEMBL4792_Ki,1174,297,v6,192,TabPFN-MLX,0.6204278843414037,0.649280345028402,0.5849327118803267,1047.8405268192291
